Frame,X1,Y1,Flag1,X2,Y2,Flag2,X3,Y3,Flag3,X4,Y4,Flag4,X5,Y5,Flag5,X6,Y6,Flag6,X7,Y7,Flag7,X8,Y8,Flag8,X9,Y9,Flag9,X10,Y10,Flag10
Tracks,1,to,10,,,,,,,,,,,,,,,,,,,,,,,,,,,
1,,,,,,,,,,,,,,,,,,,,,,,,,,,,,,
2,,,,,,,,,,,,,,,,,,,,,,,,,,,,,,
3,,,,,,,,,,,,,,,,,,,,,,,,,,,,,,
4,,,,,,,,,,,,,,,,,,,,,,,,,,,,,,
5,,,,,,,,,,,,,,,,,,,,,,,,,,,,,,
6,,,,,,,,,,,,,,,,,,,,,,,,,,,,,,
7,,,,,,,,,,,,,,,,,,,,,,,,,,,,,,
8,,,,,,,,,,,,,,,,,,,,,,,,,,,,,,
9,,,,,,,,,,,,,,,,,,,,,,,,,,,,,,
10,,,,,,,,,,,,,,,,,,,,,,,,,,,,,,
11,,,,,,,,,,,,,,,,,,,,,,,,,,,,,,
12,,,,,,,,,,,,,,,,,,,,,,,,,,,,,,
13,,,,,,,,,,,,,,,,,,,,,,,,,,,,,,
14,,,,,,,,,,,,,,,,,,,,,,,,,,,,,,
15,,,,,,,,,,,,,,,,,,,,,,,,,,,,,,
16,,,,,,,,,,,,,,,,,,,,,,,,,,,,,,
17,,,,,,,,,,,,,,,,,,,,,,,,,,,,,,
18,,,,,,,,,,,,,,,,,,,,,,,,,,,,,,
19,,,,,,,,,,,,,,,,,,,,,,,,,,,,,,
20,,,,,,,,,,,,,,,,,,,,,,,,,,,,,,
21,,,,,,,,,,,,,,,,,,,,,,,,,,,,,,
22,,,,,,,,,,,,,,,,,,,,,,,,,,,,,,
23,,,,,,,,,,,,,,,,,,,,,,,,,,,,,,
24,,,,,,,,,,,,,,,,,,,,,,,,,,,,,,
25,,,,,,,,,,,,,,,,,,,,,,,,,,,,,,
26,,,,,,,,,,,,,,,,,,,,,,,,,,,,,,
27,,,,,,,,,,,,,,,,,,,,,,,,,,,,,,
28,,,,,,,,,,,,,,,,,,,,,,,,,,,,,,
29,,,,,,,,,,,,,,,,,,,,,,,,,,,,,,
30,,,,,,,,,,,,,,,,,,,,,,,,,,,,,,
31,,,,,,,,,,,,,,,,,,,,,,,,,,,,,,
32,,,,,,,,,,,,,,,,,,,,,,,,,,,,,,
33,,,,,,,,,,,,,,,,,,,,,,,,,,,,,,
34,,,,,,,,,,,,,,,,,,,,,,,,,,,,,,
35,,,,,,,,,,,,,,,,,,,,,,,,,,,,,,
36,,,,,,,,,,,,,,,,,,,,,,,,,,,,,,
37,,,,,,,,,,,,,,,,,,,,,,,,,,,,,,
38,,,,,,,,,,,,,,,,,,,,,,,,,,,,,,
39,,,,,,,,,,,,,,,,,,,,,,,,,,,,,,
40,,,,,,,,,,,,,,,,,,,,,,,,,,,,,,
41,,,,,,,,,,,,,,,,,,,,,,,,,,,,,,
42,149.5396,48.51815,,,,,,,,,,,,,,,,,,,,,,,,,,,,
43,149.24507,52.32237,*,,,,,,,,,,,,,,,,,,,,,,,,,,,
44,149.04173,56.43126,*,,,,,,,,,,,,,,,,,,,,,,,,,,,
45,148.805,60.911667,,,,,,,,,,,,,,,,,,,,,,,,,,,,
46,148.52852,65.63926,,,,,,,,,,,,,,,,,,,,,,,,,,,,
47,148.24199,70.76813,301.3875,677.74164,,,,,,,,,,,,,,,,,,,,,,,,,,
48,148.02226,76.24144,301.42557,678.2442,,,,,,,,,,,,,,,,,,,,,,,,,,
49,147.73103,81.98793,301.65454,678.0409,,,,,,,,,,,,,,,,,,,,,,,,,,
50,147.49477,87.9555,301,678.20087,,,,,,,,,,,,,,,,,,,,,,,,,,
51,147.28911,94.17311,301.1489,678.26,,,,,,,,,,,,,,,,,,,,,,,,,,
52,147.01328,100.93363,300.72858,678.09186,,,,,,,,,,,,,,,,,,,,,,,,,,
53,146.71506,107.85663,300.87827,678.29565,,,,,,,,,,,,,,,,,,,,,,,,,,
54,146.50902,115.16245,301.8945,677.90826,,,,,,,,,,,,,,,,,,,,,,,,,,
55,146.20018,122.728516,300.9732,678.2143,,,,,,,,,,,,,,,,,,,,,,,,,,
56,145.7899,130.73486,301.81604,678.1226,,,,,,,,,,,,,,,,,,,,,,,,,,
57,145.57303,138.897,301.20615,678.2544,,,,,,,,,,,,,,,,,,,,,,,,,,
58,145.37924,147.43207,,,,,,,,,,,,,,,,,,,,,,,,,,,,
59,145.09692,156.26776,301.8611,677.74536,,,,,,,,,,,,,,,,,,,,,,,,,,
60,144.70233,165.40273,301.48697,677.7261,,,,,,,,,,,,,,,,,,,,,,,,,,
61,144.46071,175.04027,301.42828,677.673,,,,,,,,,,,,,,,,,,,,,,,,,,
62,144.1507,184.80739,301.47247,678.1009,,,,,,,,,,,,,,,,,,,,,,,,,,
63,143.97783,194.95766,301.53912,677.6652,,,,,,,,,,,,,,,,,,,,,,,,,,
64,143.54294,205.4366,301.66888,677.7,,,,,,,,,,,,,,,,,,,,,,,,,,
65,143.3905,216.1095,301.3034,677.84186,,,,,,,,,,,,,,,,,,,,,,,,,,
66,143.01572,227.28825,300.92307,677.9872,,,,,,,,,,,,,,,,,,,,,,,,,,
67,142.72198,238.68182,301.55264,677.8246,,,,,,,,,,,,,,,,,,,,,,,,,,
68,142.34665,250.3704,301.79953,678.3261,,,,,,,,,,,,,,,,,,,,,,,,,,
69,142.14192,262.39084,301.63065,677.86035,,,,,,,,,,,,,,,,,,,,,,,,,,
70,141.88597,274.73904,301.24106,678.29913,,,,,,,,,,,,,,,,,,,,,,,,,,
71,141.57848,287.39685,300.51666,678.4083,,,,,,,,,,,,,,,,,,,,,,,,,,
72,141.33716,300.4289,301.52347,678.26526,,,,,,,,,,,,,,,,,,,,,,,,,,
73,141.0685,313.6758,301.3166,678.0415,,,,,,,,,,,,,,,,,,,,,,,,,,
74,140.73434,327.34454,301.20996,678.1104,,,,,,,,,,,,,,,,,,,,,,,,,,
75,140.39952,341.122,300.97256,678.0443,,,,,,,,,,,,,,,,,,,,,,,,,,
76,140.0735,355.36987,301.0111,678.3578,,,,,,,,,,,,,,,,,,,,,,,,,,
77,139.87288,369.8438,300.55667,678.1518,,,,,,,,,,,,,,,,,,,,,,,,,,
78,139.42403,384.80884,300.93033,677.90576,,,,,,,,,,,,,,,,,,,,,,,,,,
79,139.297,399.91855,300.8252,677.8943,,,,,,,,,,,,,,,,,,,,,,,,,,
80,139.02538,415.17767,300.9978,678.2074,,,,,,,,,,,,,,,,,,,,,,,,,,
81,138.64833,430.98337,300.8,677.9708,,,,,,,,,,,,,,,,,,,,,,,,,,
82,138.3866,447.09793,300.76608,678.21674,,,,,,,,,,,,,,,,,,,,,,,,,,
83,138.11719,463.3229,300.78806,678.1502,,,,,,,,,,,,,,,,,,,,,,,,,,
84,137.76984,479.82275,300.84482,678.2931,,,,,,,,,,,,,,,,,,,,,,,,,,
85,137.59973,496.75876,300.44446,678.0952,,,,,,,,,,,,,,,,,,,,,,,,,,
86,137.23224,514.0191,300.7807,678.4737,,,,,,,,,,,,,,,,,,,,,,,,,,
87,136.85083,531.57184,300.6727,677.99396,,,,,,,,,,,,,,,,,,,,,,,,,,
88,136.68767,549.1947,301.22446,678.19336,,,,,,,,,,,,,,,,,,,,,,,,,,
89,136.47191,567.23596,300.652,677.988,,,,,,,,,,,,,,,,,,,,,,,,,,
90,136.0646,585.64886,300.19788,678.4787,,,,,,,,,,,,,,,,,,,,,,,,,,
91,135.82022,604.1573,300.45218,678.0418,,,,,,,,,,,,,,,,,,,,,,,,,,
92,135.53125,622.99713,301.36548,678.1502,,,,,,,,,,,,,,,,,,,,,,,,,,
93,135.15486,645.15485,301.53494,677.62225,,,,,,,,,,,,,,,,,,,,,,,,,,
94,135.15384,637.66724,301.5407,678.0204,,,,,,,,,,,,,,,,,,,,,,,,,,
95,135.08928,629.0179,301.2069,677.8276,,,,,,,,,,,,,,,,,,,,,,,,,,
96,135.02477,620.80457,301.01868,677.8652,,,,,,,,,,,,,,,,,,,,,,,,,,
97,134.9855,613.4837,301.443,677.8114,,,,,,,,,,,,,,,,,,,,,,,,,,
98,134.89372,606.48334,301.77982,677.9312,,,,,,,,,,,,,,,,,,,,,,,,,,
99,134.8135,599.58105,300.3171,677.8696,,,,,,,,,,,,,,,,,,,,,,,,,,
100,134.87682,593.0797,301.27216,677.8038,,,,,,,,,,,,,,,,,,,,,,,,,,
101,134.87143,586.89465,300.1144,678.8263,,,,,,,,,,,,,,,,,,,,,,,,,,
102,134.76025,581.1578,300.77823,677.88306,,,,,,,,,,,,,,,,,,,,,,,,,,
103,134.6993,575.68506,300.84015,677.7787,,,,,,,,,,,,,,,,,,,,,,,,,,
104,134.44624,570.30646,300.58032,678.11847,,,,,,,,,,,,,,,,,,,,,,,,,,
105,134.64311,565.30566,300.31226,678.32855,,,,,,,,,,,,,,,,,,,,,,,,,,
106,134.30594,560.8042,301.1901,677.84296,,,,,,,,,,,,,,,,,,,,,,,,,,
107,134.23555,556.5473,300.39224,678.2759,,,,,,,,,,,,,,,,,,,,,,,,,,
108,134.24171,552.4581,301.00204,677.8251,,,,,,,,,,,,,,,,,,,,,,,,,,
109,134.23218,548.6722,300.589,678.36017,,,,,,,,,,,,,,,,,,,,,,,,,,
110,134.18858,545.2266,301.08875,678.2013,,,,,,,,,,,,,,,,,,,,,,,,,,
111,134.01724,542.2448,300.93375,677.8213,,,,,,,,,,,,,,,,,,,,,,,,,,
112,133.95532,539.4931,300.63864,678.08405,,,,,,,,,,,,,,,,,,,,,,,,,,
113,133.90103,536.86835,300.63565,677.79456,,,,,,,,,,,,,,,,,,,,,,,,,,
114,133.85385,534.6162,300.82812,677.58594,,,,,,,,,,,,,,,,,,,,,,,,,,
115,133.79352,532.785,300.6301,678.1057,,,,,,,,,,,,,,,,,,,,,,,,,,
116,133.65398,531.39,300.1898,678.53265,,,,,,,,,,,,,,,,,,,,,,,,,,
117,133.70953,530.1831,300.9274,677.9398,,,,,,,,,,,,,,,,,,,,,,,,,,
118,133.60017,529.1621,301.39362,677.74255,,,,,,,,,,,,,,,,,,,,,,,,,,
119,133.5661,528.5475,301.1087,678.24347,,,,,,,,,,,,,,,,,,,,,,,,,,
120,133.44746,528.3305,300.2197,677.9583,,,,,,,,,,,,,,,,,,,,,,,,,,
121,133.28885,528.3497,301.07916,677.9042,,,,,,,,,,,,,,,,,,,,,,,,,,
122,133.32095,528.60474,300.4685,677.8819,,,,,,,,,,,,,,,,,,,,,,,,,,
123,133.11224,529.38605,300.74783,678.3435,,,,,,,,,,,,,,,,,,,,,,,,,,
124,133.03795,530.1543,300.46185,678.38135,,,,,,,,,,,,,,,,,,,,,,,,,,
125,132.89049,531.4677,301.375,677.9267,,,,,,,,,,,,,,,,,,,,,,,,,,
126,132.86752,533.0316,300.8424,677.61676,,,,,,,,,,,,,,,,,,,,,,,,,,
127,132.74744,534.8072,300.55737,678.0205,,,,,,,,,,,,,,,,,,,,,,,,,,
128,132.70898,536.9888,300.79535,678.2384,,,,,,,,,,,,,,,,,,,,,,,,,,
129,132.76125,539.436,300.94214,677.97107,,,,,,,,,,,,,,,,,,,,,,,,,,
130,132.49475,542.0839,301.0022,678.30615,,,,,,,,,,,,,,,,,,,,,,,,,,
131,132.55191,545.2422,300.864,678.0774,,,,,,,,,,,,,,,,,,,,,,,,,,
132,132.37413,548.5612,300.85828,677.7638,,,,,,,,,,,,,,,,,,,,,,,,,,
133,132.27113,552.26935,300.62396,678.2562,,,,,,,,,,,,,,,,,,,,,,,,,,
134,132.2416,556.3761,300.6265,677.9783,,,,,,,,,,,,,,,,,,,,,,,,,,
135,132.02641,560.7236,301.07642,678.20306,,,,,,,,,,,,,,,,,,,,,,,,,,
136,131.9901,565.327,301.3362,677.87067,,,,,,,,,,,,,,,,,,,,,,,,,,
137,131.83868,570.33246,301.16946,677.7343,,,,,,,,,,,,,,,,,,,,,,,,,,
138,131.74043,575.53094,301.21243,677.89056,,,,,,,,,,,,,,,,,,,,,,,,,,
139,131.6205,581.08453,301.20563,678.00214,,,,,,,,,,,,,,,,,,,,,,,,,,
140,131.51996,586.8721,301.50815,677.4265,,,,,,,,,,,,,,,,,,,,,,,,,,
141,131.4121,593.0586,301.07825,678.16956,,,,,,,,,,,,,,,,,,,,,,,,,,
142,131.40128,599.5,300.68143,678.2384,,,,,,,,,,,,,,,,,,,,,,,,,,
143,131.29036,606.3256,300.93478,678.2087,,,,,,,,,,,,,,,,,,,,,,,,,,
144,131.24129,613.2523,301.45557,678.0022,,,,,,,,,,,,,,,,,,,,,,,,,,
145,131.1056,620.51685,300.81668,678.00415,,,,,,,,,,,,,,,,,,,,,,,,,,
146,131.0118,628.6851,300.52316,677.87836,,,,,,,,,,,,,,,,,,,,,,,,,,
147,130.9553,637.3718,301.35538,677.57025,,,,,,,,,,,,,,,,,,,,,,,,,,
148,130.81613,644.97095,300.98276,678.2026,,,,,,,,,,,,,,,,,,,,,,,,,,
149,130.7508,638.4032,301.2313,678.12555,,,,,,,,,,,,,,,,,,,,,,,,,,
150,130.48366,634.3905,300.8375,678.01666,,,,,,,,,,,,,,,,,,,,,,,,,,
151,130.24135,630.8542,300.90436,678.1087,,,,,,,,,,,,,,,,,,,,,,,,,,
152,130.00912,627.3839,301.1,678.19775,,,,,,,,,,,,,,,,,,,,,,,,,,
153,129.86734,624.39966,301.0654,677.98944,,,,,,,,,,,,,,,,,,,,,,,,,,
154,129.59274,621.699,301.12552,677.9298,,,,,,,,,,,,,,,,,,,,,,,,,,
155,129.42917,619.5,301.59503,677.9525,,,,,,,,,,,,,,,,,,,,,,,,,,
156,129.25974,617.4983,300.5131,678.54803,,,,,,,,,,,,,,,,,,,,,,,,,,
157,129.05144,615.79175,300.8712,678.321,,,,,,,,,,,,,,,,,,,,,,,,,,
158,128.82167,614.465,300.6953,677.77344,,,,,,,,,,,,,,,,,,,,,,,,,,
159,128.71526,613.4542,300.47552,678.24286,,,,,,,,,,,,,,,,,,,,,,,,,,
160,128.47823,612.577,301.03165,677.9684,,,,,,,,,,,,,,,,,,,,,,,,,,
161,128.27118,612.21356,301.1228,678.0746,,,,,,,,,,,,,,,,,,,,,,,,,,
162,128.10637,612.04944,300.71738,677.8004,,,,,,,,,,,,,,,,,,,,,,,,,,
163,128.02348,612.22485,301.5,677.8391,,,,,,,,,,,,,,,,,,,,,,,,,,
164,127.8446,612.5946,300.2755,678.30817,,,,,,,,,,,,,,,,,,,,,,,,,,
165,127.540405,613.4663,301.6342,677.7381,,,,,,,,,,,,,,,,,,,,,,,,,,
166,127.3859,614.45636,301.17084,677.8542,,,,,,,,,,,,,,,,,,,,,,,,,,
167,127.21622,615.8463,301.62833,677.91595,,,,,,,,,,,,,,,,,,,,,,,,,,
168,126.98316,617.5421,300.851,677.8347,,,,,,,,,,,,,,,,,,,,,,,,,,
169,126.81239,619.6053,301.16962,678.05066,,,,,,,,,,,,,,,,,,,,,,,,,,
170,126.5839,621.9572,300.7731,677.9458,,,,,,,,,,,,,,,,,,,,,,,,,,
171,126.29181,624.58875,301.9904,678.1394,,,,,,,,,,,,,,,,,,,,,,,,,,
172,126.223335,627.875,300.9622,677.958,,,,,,,,,,,,,,,,,,,,,,,,,,
173,125.92671,631.2622,301.10416,677.67084,,,,,,,,,,,,,,,,,,,,,,,,,,
174,125.812805,634.9376,301.08295,678.3431,,,,,,,,,,,,,,,,,,,,,,,,,,
175,125.43944,641.78265,301.375,678.0893,,,,,,,,,,,,,,,,,,,,,,,,,,
176,125.28764,644.8951,300.7231,677.7191,,,,,,,,,,,,,,,,,,,,,,,,,,
177,125.14955,643.74646,300.58264,678.13635,,,,,,,,,,,,,,,,,,,,,,,,,,
178,125.13183,638.656,301.1214,677.7428,,,,,,,,,,,,,,,,,,,,,,,,,,
179,124.99606,636.9394,301.5303,677.6775,,,,,,,,,,,,,,,,,,,,,,,,,,
180,124.86984,635.7714,300.71848,678.3109,,,,,,,,,,,,,,,,,,,,,,,,,,
181,124.6898,634.75995,301.289,678.211,,,,,,,,,,,,,,,,,,,,,,,,,,
182,124.523964,633.992,300.81534,677.9772,,,,,,,,,,,,,,,,,,,,,,,,,,
183,124.31399,633.59064,301.33414,678.45264,,,,,,,,,,,,,,,,,,,,,,,,,,
184,124.224525,633.5828,301.02756,677.57086,,,,,,,,,,,,,,,,,,,,,,,,,,
185,124.117836,633.85034,301.2966,677.7415,,,,,,,,,,,,,,,,,,,,,,,,,,
186,123.91534,634.5399,301.97534,677.43274,,,,,,,,,,,,,,,,,,,,,,,,,,
187,123.78617,635.30444,301.2857,677.68066,,,,,,,,,,,,,,,,,,,,,,,,,,
188,123.58689,636.5632,300.4826,678.6739,,,,,,,,,,,,,,,,,,,,,,,,,,
189,123.47953,638.1173,301.19547,678.25,,,,,,,,,,,,,,,,,,,,,,,,,,
190,123.1952,643.0266,301.5601,677.68884,,,,,,,,,,,,,,,,,,,,,,,,,,
191,123.097404,644.5403,301.39777,677.9889,,,,,,,,,,,,,,,,,,,,,,,,,,
192,122.92288,644.74677,301.09683,677.52765,,,,,,,,,,,,,,,,,,,,,,,,,,
193,122.858055,644.0153,301.13864,677.7857,,,,,,,,,,,,,,,,,,,,,,,,,,
194,122.73877,643.52057,300.5462,678.2815,,,,,,,,,,,,,,,,,,,,,,,,,,
195,122.717896,643.24835,301.11343,677.9034,,,,,,,,,,,,,,,,,,,,,,,,,,
196,122.60769,643.38464,301.30087,678.0044,,,,,,,,,,,,,,,,,,,,,,,,,,
197,122.50128,643.78937,301.32233,677.6777,,,,,,,,,,,,,,,,,,,,,,,,,,
198,122.25128,644.2128,301.15182,677.7389,,,,,,,,,,,,,,,,,,,,,,,,,,
199,122.245804,644.48193,301.0371,678.155,,,,,,,,,,,,,,,,,,,,,,,,,,
200,122.12356,644.4565,301.68304,677.7143,,,,,,,,,,,,,,,,,,,,,,,,,,
201,122.02,644.23676,301.25848,677.7542,,,,,,,,,,,,,,,,,,,,,,,,,,
202,121.89382,644.2735,300.83746,677.9609,,,,,,,,,,,,,,,,,,,,,,,,,,
203,121.792305,644.4013,301.47272,678.0409,,,,,,,,,,,,,,,,,,,,,,,,,,
204,121.684616,644.4372,301.411,677.6525,,,,,,,,,,,,,,,,,,,,,,,,,,
205,121.5874,644.4756,301.35654,677.76086,,,,,,,,,,,,,,,,,,,,,,,,,,
206,121.56769,644.4821,300.475,678.3542,,,,,,,,,,,,,,,,,,,,,,,,,,
207,121.53346,644.40216,300.8816,678.2588,,,,,,,,,,,,,,,,,,,,,,,,,,
208,121.471756,644.4808,301.11066,677.75,,,,,,,,,,,,,,,,,,,,,,,,,,
209,121.45647,644.5384,301.54147,678.0023,,,,,,,,,,,,,,,,,,,,,,,,,,
210,121.37597,644.3889,300.6983,678.0949,,,,,,,,,,,,,,,,,,,,,,,,,,
211,121.34428,644.37,301.71213,677.52167,,,,,,,,,,,,,,,,,,,,,,,,,,
212,121.26786,644.4528,300.89825,678.14935,,,,,,,,,,,,,,,,,,,,,,,,,,
213,121.20898,644.32947,301.18018,678.3739,,,,,,,,,,,,,,,,,,,,,,,,,,
214,121.16881,644.27277,301.4419,677.52905,,,,,,,,,,,,,,,,,,,,,,,,,,
215,121.13718,644.3346,301.5476,677.7251,,,,,,,,,,,,,,,,,,,,,,,,,,
216,121.09387,644.33527,300.696,677.956,,,,,,,,,,,,,,,,,,,,,,,,,,
217,301.75687,677.90826,164.43169,3.6043644,,,,,,,,,,,,,,,,,,,,,,,,,,
218,301.72522,677.86035,164.83072,3.6056752,,,,,,,,,,,,,,,,,,,,,,,,,,
219,301.2973,678.018,166.33904,3.4275653,,,,,,,,,,,,,,,,,,,,,,,,,,
220,300.92035,678.36725,166.91548,3.4450102,,,,,,,,,,,,,,,,,,,,,,,,,,
221,301.38745,677.79004,167.31459,3.4791667,,,,,,,,,,,,,,,,,,,,,,,,,,
222,301.46362,678.0318,167.84447,3.4853861,,,,,,,,,,,,,,,,,,,,,,,,,,
223,301.82227,678.1114,167.85625,3.4791667,,,,,,,,,,,,,,,,,,,,,,,,,,
224,301.26547,677.8717,167.14449,3.6871102,,,,,,,,,,,,,,,,,,,,,,,,,,
225,301.06088,678.13477,167.14842,3.4978948,,,,,,,,,,,,,,,,,,,,,,,,,,
226,301.21982,677.9224,165.49371,3.9213836,,,,,,,,,,,,,,,,,,,,,,,,,,
227,301.3493,678.2945,163.95895,4.154737,,,,,,,,,,,,,,,,,,,,,,,,,,
228,301.11505,678.1637,163.67548,4.1659617,,,,,,,,,,,,,,,,,,,,,,,,,,
229,300.9257,677.72894,,,,,,,,,,,,,,,,,,,,,,,,,,,,
230,301.29654,678.0238,,,,,,,,,,,,,,,,,,,,,,,,,,,,
231,301.2366,678.1339,,,,,,,,,,,,,,,,,,,,,,,,,,,,
232,301.43103,677.63794,,,,,,,,,,,,,,,,,,,,,,,,,,,,
233,301.3125,678.0446,,,,,,,,,,,,,,,,,,,,,,,,,,,,
234,300.87656,678.023,165.8077,3.5192308,,,,,,,,,,,,,,,,,,,,,,,,,,
235,301.46445,677.98444,166.52548,3.512739,,,,,,,,,,,,,,,,,,,,,,,,,,
236,301.61353,677.70526,167.37605,3.4957983,,,,,,,,,,,,,,,,,,,,,,,,,,
237,301.22034,677.8305,167.62134,3.4874477,,,,,,,,,,,,,,,,,,,,,,,,,,
238,301.01965,678.25543,167.9625,3.48125,,,,,,,,,,,,,,,,,,,,,,,,,,
239,301.28662,677.7469,167.74008,3.4832985,,,,,,,,,,,,,,,,,,,,,,,,,,
240,301.36865,677.76697,167.0447,3.6850312,,,,,,,,,,,,,,,,,,,,,,,,,,
241,301.6036,677.8829,166.925,3.6895833,,,,,,,,,,,,,,,,,,,,,,,,,,
242,301.2034,677.8517,166.08948,3.708421,,,,,,,,,,,,,,,,,,,,,,,,,,
243,301.1824,678.0923,163.95895,4.154737,,,,,,,,,,,,,,,,,,,,,,,,,,
244,301.22247,678.12555,163.57399,4.163848,,,,,,,,,,,,,,,,,,,,,,,,,,
245,301.3355,677.9545,164.01915,3.9468086,,,,,,,,,,,,,,,,,,,,,,,,,,
246,301.11765,677.7059,,,,,,,,,,,,,,,,,,,,,,,,,,,,
247,301.12918,677.7792,163.87526,3.9520257,,,,,,,,,,,,,,,,,,,,,,,,,,
248,301.1125,677.9,163.76866,3.9498935,,,,,,,,,,,,,,,,,,,,,,,,,,
249,301.06305,678.43695,165.10425,3.7255318,,,,,,,,,,,,,,,,,,,,,,,,,,
250,301.4868,677.7908,165.74684,3.7088609,,,,,,,,,,,,,,,,,,,,,,,,,,
251,300.93478,678.2174,166.78964,3.5042284,,,,,,,,,,,,,,,,,,,,,,,,,,
252,301.29822,678.26685,167.04315,3.4957895,,,,,,,,,,,,,,,,,,,,,,,,,,
253,301.00214,677.98926,168.32353,3.2920167,,,,,,,,,,,,,,,,,,,,,,,,,,
254,301.2586,677.9569,168.31932,3.2920167,,,,,,,,,,,,,,,,,,,,,,,,,,
255,301.28482,677.8333,167.74008,3.4832985,,,,,,,,,,,,,,,,,,,,,,,,,,
256,301.09735,678.2478,166.21849,3.7037816,,,,,,,,,,,,,,,,,,,,,,,,,,
257,301.28632,677.6966,166.91772,3.5,,,,,,,,,,,,,,,,,,,,,,,,,,
258,301.31946,678.2639,165.95781,3.7130802,,,,,,,,,,,,,,,,,,,,,,,,,,
259,301.3109,677.62604,164.5444,3.9334037,,,,,,,,,,,,,,,,,,,,,,,,,,
260,301.1,677.81915,164.1234,3.9489362,,,,,,,,,,,,,,,,,,,,,,,,,,
261,300.8421,678.4123,,,,,,,,,,,,,,,,,,,,,,,,,,,,
262,301.75345,677.9839,164.26433,3.9437368,,,,,,,,,,,,,,,,,,,,,,,,,,
263,300.76035,677.9587,163.43008,4.1694913,,,,,,,,,,,,,,,,,,,,,,,,,,
264,301.9366,678.007,164.84883,3.9397464,,,,,,,,,,,,,,,,,,,,,,,,,,
265,300.63113,678.06555,166.52548,3.512739,,,,,,,,,,,,,,,,,,,,,,,,,,
266,301.1758,678.3904,166.6589,3.5084746,,,,,,,,,,,,,,,,,,,,,,,,,,
267,300.59583,678.32916,167.37605,3.4957983,,,,,,,,,,,,,,,,,,,,,,,,,,
268,301.14444,678.17554,168.20316,3.2957895,,,,,,,,,,,,,,,,,,,,,,,,,,
269,301.222,677.7863,167.97469,3.2974684,,,,,,,,,,,,,,,,,,,,,,,,,,
270,301.80045,677.88116,168.32353,3.2920167,,,,,,,,,,,,,,,,,,,,,,,,,,
271,301.3407,678,167.85307,3.3012686,,,,,,,,,,,,,,,,,,,,,,,,,,
272,301.45023,678.16064,166.889,3.5063424,,,,,,,,,,,,,,,,,,,,,,,,,,
273,301.11603,677.9641,166.6589,3.5084746,,,,,,,,,,,,,,,,,,,,,,,,,,
274,301.0726,677.8983,165.58475,3.720339,,,,,,,,,,,,,,,,,,,,,,,,,,
275,301.19434,678.1332,164.01703,3.9468086,,,,,,,,,,,,,,,,,,,,,,,,,,
276,301.25555,678.13556,163.46829,4.1617336,,,,,,,,,,,,,,,,,,,,,,,,,,
277,301.2436,677.8632,164.26433,3.9437368,,,,,,,,,,,,,,,,,,,,,,,,,,
278,301.75455,677.9091,163.32416,4.1673727,,,,,,,,,,,,,,,,,,,,,,,,,,
279,301.28113,677.88196,164.96481,3.7302773,,,,,,,,,,,,,,,,,,,,,,,,,,
280,301.6535,677.7588,165.82347,3.717759,,,,,,,,,,,,,,,,,,,,,,,,,,
281,300.97882,678.072,166.91772,3.5,,,,,,,,,,,,,,,,,,,,,,,,,,
282,301.6613,677.91016,167.49576,3.3067942,,,,,,,,,,,,,,,,,,,,,,,,,,
283,301.13675,678.02136,167.04315,3.4957895,,,,,,,,,,,,,,,,,,,,,,,,,,
284,301.87558,678.06335,167.49576,3.3067942,,,,,,,,,,,,,,,,,,,,,,,,,,
285,300.94205,678.32404,166.91772,3.5,,,,,,,,,,,,,,,,,,,,,,,,,,
286,301.5759,677.81696,168.20316,3.2957895,,,,,,,,,,,,,,,,,,,,,,,,,,
287,300.8551,677.89185,167.97679,3.2974684,,,,,,,,,,,,,,,,,,,,,,,,,,
288,301.93192,678.06335,166.78964,3.5042284,,,,,,,,,,,,,,,,,,,,,,,,,,
289,301.8348,677.7321,165.95781,3.7130802,,,,,,,,,,,,,,,,,,,,,,,,,,
290,301.83636,677.7545,165.10425,3.7255318,,,,,,,,,,,,,,,,,,,,,,,,,,
291,301.14517,678.20044,164.40678,3.9385593,,,,,,,,,,,,,,,,,,,,,,,,,,
292,301.2361,678.37964,164.40678,3.9385593,,,,,,,,,,,,,,,,,,,,,,,,,,
293,301.50446,677.9732,164.26645,3.9437368,,,,,,,,,,,,,,,,,,,,,,,,,,
294,301.32062,678.0426,164.26645,3.9437368,,,,,,,,,,,,,,,,,,,,,,,,,,
295,300.80453,677.9033,164.89029,3.9324894,,,,,,,,,,,,,,,,,,,,,,,,,,
296,301.31448,677.9932,165.95781,3.7130802,,,,,,,,,,,,,,,,,,,,,,,,,,
297,300.925,678.12915,166.91772,3.5,,,,,,,,,,,,,,,,,,,,,,,,,,
298,301.74518,678.2836,166.91772,3.5,,,,,,,,,,,,,,,,,,,,,,,,,,
299,300.98306,678.0042,167.27101,3.4936974,,,,,,,,,,,,,,,,,,,,,,,,,,
300,301.6384,677.875,168.33405,3.112766,,,,,,,,,,,,,,,,,,,,,,,,,,
301,301.11966,678.0299,167.85307,3.3012686,,,,,,,,,,,,,,,,,,,,,,,,,,
302,301.28995,678.35846,167.14842,3.4978948,,,,,,,,,,,,,,,,,,,,,,,,,,
303,301.24106,678.26337,166.91772,3.5,,,,,,,,,,,,,,,,,,,,,,,,,,
304,301.67273,677.7364,166.31741,3.5084925,,,,,,,,,,,,,,,,,,,,,,,,,,
305,300.688,677.948,165.48305,3.7182202,,,,,,,,,,,,,,,,,,,,,,,,,,
306,301.17365,677.8766,165.10425,3.7255318,,,,,,,,,,,,,,,,,,,,,,,,,,
307,300.39557,678.10645,164.5444,3.9334037,,,,,,,,,,,,,,,,,,,,,,,,,,
308,301.3407,678.177,164.5444,3.9334037,,,,,,,,,,,,,,,,,,,,,,,,,,
309,300.52777,677.88495,164.11916,3.9489362,,,,,,,,,,,,,,,,,,,,,,,,,,
310,301.2742,678.31104,164.36836,3.94586,,,,,,,,,,,,,,,,,,,,,,,,,,
311,300.74786,678.32477,163.7152,4.158228,,,,,,,,,,,,,,,,,,,,,,,,,,
312,301.2175,678.3296,165.95781,3.7130802,,,,,,,,,,,,,,,,,,,,,,,,,,
313,300.97107,677.8471,165.62552,3.916318,,,,,,,,,,,,,,,,,,,,,,,,,,
314,300.48795,678.0582,166.46861,3.6945608,,,,,,,,,,,,,,,,,,,,,,,,,,
315,301.1862,677.8389,167.5,3.4916143,,,,,,,,,,,,,,,,,,,,,,,,,,
316,301.1298,677.9766,167.28616,3.4874213,,,,,,,,,,,,,,,,,,,,,,,,,,
317,301.14285,677.9076,167.03474,3.4957895,,,,,,,,,,,,,,,,,,,,,,,,,,
318,301.66742,678.0294,166.91772,3.5,,,,,,,,,,,,,,,,,,,,,,,,,,
319,301.11334,678.3356,167.14842,3.4978948,,,,,,,,,,,,,,,,,,,,,,,,,,
320,301.61313,677.83936,166.1851,3.512766,,,,,,,,,,,,,,,,,,,,,,,,,,
321,302.03705,677.71295,165.10425,3.7255318,,,,,,,,,,,,,,,,,,,,,,,,,,
,,,,,,,,,,,,,,,,,,,,,,,,,,,,,,
Track,Length,Distance,traveled,Nr,of,Frames,,,,,,,,,,,,,,,,,,,,,,,,
1,13.592901,0.6157407,25,,,,,,,,,,,,,,,,,,,,,,,,,,,
2,11.499092,0.43906033,19,,,,,,,,,,,,,,,,,,,,,,,,,,,
3,741.5524,59.115322,175,,,,,,,,,,,,,,,,,,,,,,,,,,,
4,932.4409,596.8565,280,,,,,,,,,,,,,,,,,,,,,,,,,,,
5,5.879931,0.54388666,11,,,,,,,,,,,,,,,,,,,,,,,,,,,
6,138.90968,0.1788941,263,,,,,,,,,,,,,,,,,,,,,,,,,,,
7,7.913254,0.94193715,12,,,,,,,,,,,,,,,,,,,,,,,,,,,
8,7.114285,1.838943,12,,,,,,,,,,,,,,,,,,,,,,,,,,,
9,10.431633,0.24815767,14,,,,,,,,,,,,,,,,,,,,,,,,,,,
10,41.177025,0.8678013,60,,,,,,,,,,,,,,,,,,,,,,,,,,,
